model,domain,guess_outcome,episodes,avg_guess_turn,avg_budget_used_ratio,avg_remaining_turn_budget,avg_quality_score
Qwen3.6-35B-A3B-FP8-without-reasoning,numbers,right,3,1.0,1.0,0.0,100.0
Qwen3.6-35B-A3B-FP8-without-reasoning,numbers,wrong,2,1.0,1.0,0.0,0.0
Qwen3.6-35B-A3B-FP8-without-reasoning,two_numbers,right,1,1.0,1.0,0.0,100.0
Qwen3.6-35B-A3B-FP8-without-reasoning,two_numbers,wrong,4,1.0,1.0,0.0,0.0
Qwen3.6-35B-A3B-FP8-without-reasoning,string,right,5,1.0,1.0,0.0,100.0
Qwen3.6-35B-A3B-FP8-without-reasoning,list,right,1,1.0,1.0,0.0,100.0
Qwen3.6-35B-A3B-FP8-without-reasoning,list,wrong,4,1.0,1.0,0.0,0.0
Qwen3.6-35B-A3B-FP8-without-reasoning,logic,right,4,1.0,1.0,0.0,100.0
Qwen3.6-35B-A3B-FP8-without-reasoning,logic,wrong,1,1.0,1.0,0.0,0.0
